-- phpMyAdmin SQL Dump
-- version 4.8.5
-- https://www.phpmyadmin.net/
--
-- Host: localhost
-- Generation Time: 2019 年 6 月 21 日 06:04
-- サーバのバージョン： 10.1.38-MariaDB
-- PHP Version: 7.1.27

SET SQL_MODE = "NO_AUTO_VALUE_ON_ZERO";
SET AUTOCOMMIT = 0;
START TRANSACTION;
SET time_zone = "+00:00";


/*!40101 SET @OLD_CHARACTER_SET_CLIENT=@@CHARACTER_SET_CLIENT */;
/*!40101 SET @OLD_CHARACTER_SET_RESULTS=@@CHARACTER_SET_RESULTS */;
/*!40101 SET @OLD_COLLATION_CONNECTION=@@COLLATION_CONNECTION */;
/*!40101 SET NAMES utf8mb4 */;

--
-- Database: `cinema`
--

-- --------------------------------------------------------

--
-- テーブルの構造 `category`
--

CREATE TABLE `category` (
  `category_id` int(11) NOT NULL,
  `category_title` varchar(50) NOT NULL
) ENGINE=InnoDB DEFAULT CHARSET=latin1;

--
-- テーブルのデータのダンプ `category`
--

INSERT INTO `category` (`category_id`, `category_title`) VALUES
(1, 'action');

-- --------------------------------------------------------

--
-- テーブルの構造 `movie`
--

CREATE TABLE `movie` (
  `movie_id` int(11) NOT NULL,
  `movie_title` varchar(50) NOT NULL,
  `movie_category_id` int(11) NOT NULL,
  `movie_length` int(11) NOT NULL,
  `movie_screen` varchar(50) NOT NULL,
  `movie_image` text NOT NULL,
  `movie_body` text NOT NULL
) ENGINE=InnoDB DEFAULT CHARSET=latin1;

--
-- テーブルのデータのダンプ `movie`
--

INSERT INTO `movie` (`movie_id`, `movie_title`, `movie_category_id`, `movie_length`, `movie_screen`, `movie_image`, `movie_body`) VALUES
(1, 'IRON MAN', 1, 100, 'screen 4', '../cinema/img/71lVAGaqBtL._SY679_.jpg', 'a'),
(2, 'MEN IN BLACK', 1, 122, 'screen 1', '../cinema/img/MIB4_INTL_OnLine_1SHT_6072x9000_02_w1.1-1024x1518.jpg', ''),
(3, 'AVENGERS ENDGAME', 1, 114, 'screen 3', '../cinema/img/MV5BMTc5MDE2ODcwNV5BMl5BanBnXkFtZTgwMzI2NzQ2NzM@._V1_.jpg', ''),
(4, 'GODZILLA', 1, 130, 'screen 2', '../cinema/img/j9MiJog36Ajdmpm3KKotXXEg7VdTJsKfXhE4XNzw.jpg', ''),
(5, 'MISSION IMPOSSIBLE', 1, 111, 'screen 1', '../cinema/img/mission.jpg', 'mission'),
(16, 'The Fast and the Furious', 1, 111, 'screen 1', '../cinema/img/wild.jpg', ''),
(17, 'SPIDERMAN', 1, 120, 'screen 0', '../cinema/img/spi.jpg', ''),
(18, 'ALADDIN', 1, 120, 'screen 1', '../cinema/img/MV5BMjQ2ODIyMjY4MF5BMl5BanBnXkFtZTgwNzY4ODI2NzM@._V1_.jpg', '');

-- --------------------------------------------------------

--
-- テーブルの構造 `movie_schedule`
--

CREATE TABLE `movie_schedule` (
  `movie_schedule_id` int(11) NOT NULL,
  `movie_id` int(11) NOT NULL,
  `movie_plan` int(11) NOT NULL,
  `movie_start1` time DEFAULT NULL,
  `movie_finish1` time DEFAULT NULL,
  `movie_start2` time DEFAULT NULL,
  `movie_finish2` time DEFAULT NULL,
  `movie_start3` time DEFAULT NULL,
  `movie_finish3` time DEFAULT NULL,
  `movie_start4` time DEFAULT NULL,
  `movie_finish4` time DEFAULT NULL
) ENGINE=InnoDB DEFAULT CHARSET=latin1;

--
-- テーブルのデータのダンプ `movie_schedule`
--

INSERT INTO `movie_schedule` (`movie_schedule_id`, `movie_id`, `movie_plan`, `movie_start1`, `movie_finish1`, `movie_start2`, `movie_finish2`, `movie_start3`, `movie_finish3`, `movie_start4`, `movie_finish4`) VALUES
(1, 4, 1, '10:00:00', '12:00:00', '00:00:00', '00:00:00', '00:00:00', '00:00:00', '00:00:00', '00:00:00'),
(2, 5, 1, '20:00:00', '22:00:00', '00:00:00', '00:00:00', '00:00:00', '00:00:00', '00:00:00', '00:00:00'),
(3, 5, 1, '20:00:00', '22:00:00', '00:00:00', '00:00:00', '00:00:00', '00:00:00', '00:00:00', '00:00:00'),
(4, 5, 1, '20:00:00', '22:00:00', '00:00:00', '00:00:00', '00:00:00', '00:00:00', '00:00:00', '00:00:00'),
(5, 1, 1, '10:00:00', '12:00:00', '15:15:00', '17:15:00', '19:00:00', '21:00:00', '00:00:00', '00:00:00'),
(6, 1, 2, '10:00:00', '12:00:00', '13:00:00', '15:00:00', '00:00:00', '00:00:00', '00:00:00', '00:00:00'),
(7, 2, 2, '10:10:00', '12:10:00', '16:25:00', '18:25:00', '20:30:00', '22:30:00', '00:00:00', '00:00:00'),
(8, 1, 3, '10:00:00', '13:00:00', '22:00:00', '24:00:00', '00:00:00', '00:00:00', '00:00:00', '00:00:00'),
(9, 1, 4, '20:00:00', '22:00:00', '22:30:00', '25:30:00', '00:00:00', '00:00:00', '00:00:00', '00:00:00'),
(10, 1, 5, '05:00:00', '07:00:00', '09:00:00', '11:00:00', '13:00:00', '15:00:00', '00:00:00', '00:00:00'),
(11, 1, 6, '12:00:00', '14:00:00', '17:00:00', '19:00:00', '00:00:00', '00:00:00', '00:00:00', '00:00:00'),
(12, 1, 0, '02:00:00', '05:00:00', '00:00:00', '00:00:00', '00:00:00', '00:00:00', '00:00:00', '00:00:00'),
(13, 2, 1, '10:00:00', '12:00:00', '13:00:00', '15:00:00', '00:00:00', '00:00:00', '00:00:00', '00:00:00'),
(15, 2, 2, '20:00:00', '22:00:00', '00:00:00', '00:00:00', '00:00:00', '00:00:00', '00:00:00', '00:00:00'),
(16, 2, 3, '14:00:00', '16:00:00', '18:00:00', '20:00:00', '00:00:00', '00:00:00', '00:00:00', '00:00:00'),
(17, 2, 4, '11:00:00', '13:00:00', '23:00:00', '25:00:00', '00:00:00', '00:00:00', '00:00:00', '00:00:00'),
(18, 2, 5, '22:00:00', '24:00:00', '00:00:00', '00:00:00', '00:00:00', '00:00:00', '00:00:00', '00:00:00'),
(19, 2, 6, '15:00:00', '18:00:00', '22:00:00', '24:00:00', '00:00:00', '00:00:00', '00:00:00', '00:00:00'),
(20, 2, 0, '07:00:00', '09:00:00', '10:00:00', '12:00:00', '15:00:00', '17:00:00', '00:00:00', '00:00:00'),
(21, 3, 0, '01:00:00', '02:00:00', '00:00:00', '00:00:00', '00:00:00', '00:00:00', '00:00:00', '00:00:00'),
(22, 3, 1, '11:00:00', '13:00:00', '00:00:00', '00:00:00', '00:00:00', '00:00:00', '00:00:00', '00:00:00'),
(23, 3, 2, '04:00:00', '06:00:00', '00:00:00', '00:00:00', '00:00:00', '00:00:00', '00:00:00', '00:00:00'),
(24, 3, 3, '22:00:00', '24:00:00', '00:00:00', '00:00:00', '00:00:00', '00:00:00', '00:00:00', '00:00:00'),
(25, 3, 4, '20:00:00', '22:00:00', '00:00:00', '00:00:00', '00:00:00', '00:00:00', '00:00:00', '00:00:00'),
(26, 3, 5, '02:00:00', '04:00:00', '00:00:00', '00:00:00', '00:00:00', '00:00:00', '00:00:00', '00:00:00'),
(27, 3, 5, '14:00:00', '16:00:00', '00:00:00', '00:00:00', '00:00:00', '00:00:00', '00:00:00', '00:00:00'),
(28, 3, 6, '02:00:00', '04:00:00', '00:00:00', '00:00:00', '00:00:00', '00:00:00', '00:00:00', '00:00:00'),
(29, 4, 0, '22:00:00', '24:00:00', '00:00:00', '00:00:00', '00:00:00', '00:00:00', '00:00:00', '00:00:00'),
(30, 4, 1, '04:00:00', '06:00:00', '06:00:00', '08:00:00', '00:00:00', '00:00:00', '00:00:00', '00:00:00'),
(31, 4, 2, '02:00:00', '04:00:00', '05:00:00', '07:00:00', '00:00:00', '00:00:00', '00:00:00', '00:00:00'),
(32, 4, 3, '04:00:00', '08:00:00', '08:00:00', '09:00:00', '12:00:00', '15:00:00', '00:00:00', '00:00:00'),
(33, 4, 4, '02:00:00', '04:00:00', '00:00:00', '00:00:00', '00:00:00', '00:00:00', '00:00:00', '00:00:00'),
(34, 18, 1, '10:00:00', '12:00:00', '15:00:00', '17:00:00', '20:00:00', '22:00:00', '00:00:00', '00:00:00'),
(35, 4, 5, '20:00:00', '23:00:00', '24:00:00', '26:00:00', '00:00:00', '00:00:00', '00:00:00', '00:00:00'),
(36, 4, 6, '03:00:00', '05:00:00', '07:00:00', '07:00:00', '00:00:00', '00:00:00', '00:00:00', '00:00:00'),
(37, 5, 0, '10:00:00', '12:00:00', '20:00:00', '22:00:00', '22:00:00', '24:00:00', '00:00:00', '00:00:00'),
(38, 5, 2, '09:00:00', '11:00:00', '13:00:00', '15:00:00', '17:00:00', '19:00:00', '00:00:00', '00:00:00'),
(39, 5, 3, '04:00:00', '06:00:00', '11:00:00', '13:00:00', '15:00:00', '17:00:00', '00:00:00', '00:00:00'),
(40, 5, 4, '02:00:00', '04:00:00', '06:00:00', '08:00:00', '10:00:00', '12:00:00', '00:00:00', '00:00:00'),
(41, 5, 5, '17:00:00', '19:00:00', '00:00:00', '00:00:00', '00:00:00', '00:00:00', '00:00:00', '00:00:00'),
(42, 5, 6, '13:00:00', '15:00:00', '17:00:00', '19:00:00', '00:00:00', '00:00:00', '00:00:00', '00:00:00'),
(43, 16, 0, '10:00:00', '12:00:00', '13:00:00', '15:00:00', '00:00:00', '00:00:00', '00:00:00', '00:00:00'),
(44, 16, 1, '10:00:00', '12:00:00', '00:00:00', '00:00:00', '00:00:00', '00:00:00', '00:00:00', '00:00:00'),
(45, 16, 2, '12:00:00', '14:00:00', '20:00:00', '22:00:00', '22:00:00', '24:00:00', '00:00:00', '00:00:00'),
(46, 16, 3, '22:00:00', '24:00:00', '00:00:00', '00:00:00', '00:00:00', '00:00:00', '00:00:00', '00:00:00'),
(47, 16, 4, '17:00:00', '19:00:00', '20:00:00', '22:00:00', '00:00:00', '00:00:00', '00:00:00', '00:00:00'),
(48, 16, 5, '15:00:00', '17:00:00', '00:00:00', '00:00:00', '00:00:00', '00:00:00', '00:00:00', '00:00:00'),
(49, 16, 6, '12:00:00', '14:00:00', '22:00:00', '24:00:00', '00:00:00', '00:00:00', '00:00:00', '00:00:00'),
(50, 17, 0, '10:00:00', '12:00:00', '00:00:00', '00:00:00', '00:00:00', '00:00:00', '00:00:00', '00:00:00'),
(51, 17, 1, '12:00:00', '14:00:00', '16:00:00', '18:00:00', '20:00:00', '22:00:00', '00:00:00', '00:00:00'),
(52, 17, 2, '15:00:00', '17:00:00', '19:00:00', '21:00:00', '23:00:00', '25:00:00', '00:00:00', '00:00:00'),
(53, 17, 3, '02:00:00', '04:00:00', '23:00:00', '25:00:00', '00:00:00', '00:00:00', '00:00:00', '00:00:00'),
(54, 17, 4, '10:00:00', '12:00:00', '00:00:00', '00:00:00', '00:00:00', '00:00:00', '00:00:00', '00:00:00'),
(55, 17, 5, '10:00:00', '12:00:00', '17:00:00', '19:00:00', '00:00:00', '00:00:00', '00:00:00', '00:00:00'),
(56, 17, 6, '10:00:00', '00:00:00', '00:00:00', '00:00:00', '00:00:00', '00:00:00', '00:00:00', '00:00:00'),
(57, 18, 0, '10:00:00', '12:00:00', '00:00:00', '00:00:00', '00:00:00', '00:00:00', '00:00:00', '00:00:00'),
(58, 18, 1, '03:00:00', '05:00:00', '12:00:00', '14:00:00', '22:00:00', '24:00:00', '00:00:00', '00:00:00'),
(59, 18, 2, '03:00:00', '05:00:00', '10:00:00', '12:00:00', '00:00:00', '00:00:00', '00:00:00', '00:00:00'),
(60, 18, 3, '22:00:00', '24:00:00', '00:00:00', '00:00:00', '00:00:00', '00:00:00', '00:00:00', '00:00:00'),
(61, 18, 4, '22:00:00', '24:00:00', '00:00:00', '00:00:00', '00:00:00', '00:00:00', '00:00:00', '00:00:00'),
(62, 18, 5, '02:00:00', '04:00:00', '06:00:00', '08:00:00', '00:00:00', '00:00:00', '00:00:00', '00:00:00'),
(63, 18, 6, '12:00:00', '14:00:00', '15:00:00', '17:00:00', '19:00:00', '21:00:00', '00:00:00', '00:00:00');

-- --------------------------------------------------------

--
-- テーブルの構造 `ticket`
--

CREATE TABLE `ticket` (
  `ticket_id` int(11) NOT NULL,
  `user_id` int(11) NOT NULL,
  `user_name` varchar(50) NOT NULL,
  `user_email` varchar(50) NOT NULL,
  `movie_id` int(11) NOT NULL,
  `movie_date` date NOT NULL,
  `movie_time` time NOT NULL,
  `ticket_child` int(11) NOT NULL,
  `ticket_student` int(11) NOT NULL,
  `ticket_adult` int(11) NOT NULL,
  `ticket_total` int(11) NOT NULL,
  `price` int(11) NOT NULL
) ENGINE=InnoDB DEFAULT CHARSET=latin1;

--
-- テーブルのデータのダンプ `ticket`
--

INSERT INTO `ticket` (`ticket_id`, `user_id`, `user_name`, `user_email`, `movie_id`, `movie_date`, `movie_time`, `ticket_child`, `ticket_student`, `ticket_adult`, `ticket_total`, `price`) VALUES
(1, 0, 's', 's@s', 5, '2019-06-13', '20:00:00', 2, 0, 0, 2, 0),
(2, 0, 'shuto', 's@ss', 5, '2019-06-14', '20:00:00', 0, 2, 0, 2, 0),
(3, 0, 'baba', 'ba@b', 5, '2019-06-14', '20:00:00', 1, 3, 0, 4, 0),
(4, 0, 'shuto', 'shuto@s', 5, '2019-06-17', '20:00:00', 2, 1, 0, 3, 1100),
(5, 0, 'gori', 'gori@g', 5, '2019-06-17', '20:00:00', 0, 2, 0, 2, 1000),
(6, 0, 'maru', 'maru@maru', 1, '0000-00-00', '10:00:00', 2, 0, 0, 2, 600),
(7, 0, 't', 't@t', 1, '2019-06-18', '10:00:00', 4, 0, 0, 4, 1200),
(8, 0, 's', 's@s', 1, '2019-06-18', '10:00:00', 0, 2, 0, 2, 1000),
(9, 0, 's', 's@s', 1, '2019-06-18', '10:00:00', 3, 0, 0, 3, 900),
(10, 0, 'a', 'a@a', 1, '2019-06-18', '15:15:00', 10, 0, 0, 10, 3000),
(11, 0, 'a', 'a@a', 4, '0000-00-00', '04:00:00', 0, 0, 10, 10, 7000),
(12, 0, 'a', 'a@a', 4, '2019-06-19', '04:00:00', 0, 0, 10, 10, 7000),
(13, 0, 'a', 'a@a', 4, '2019-06-19', '08:00:00', 0, 10, 0, 10, 5000),
(14, 0, 'a', 'a@a', 4, '2019-06-19', '12:00:00', 9, 0, 0, 9, 2700),
(15, 0, 'a', 'a@a', 4, '2019-06-20', '02:00:00', 0, 8, 0, 8, 4000),
(16, 0, 'shuto', 'shuto@shuto', 18, '2019-06-24', '10:00:00', 9, 0, 0, 9, 2700),
(17, 0, 'a', 'a@a', 1, '2019-06-20', '20:00:00', 1, 0, 0, 1, 300),
(18, 0, 'a', 'a@a', 1, '2019-06-20', '20:00:00', 6, 0, 0, 6, 1800),
(19, 0, 'a', 'a@a', 1, '2019-06-20', '22:30:00', 4, 0, 0, 4, 1200),
(20, 0, 'a', 'a@a', 1, '2019-06-20', '20:00:00', 0, 0, 1, 1, 700),
(21, 0, 'a', 'a@a', 17, '2019-06-20', '10:00:00', 10, 0, 0, 10, 3000),
(22, 0, 'a', 'a@a', 18, '2019-06-20', '22:00:00', 4, 0, 0, 4, 1200),
(23, 0, 'a', 'a@a', 2, '2019-06-20', '23:00:00', 0, 9, 0, 9, 4500),
(24, 0, 'a', 'a@a', 3, '2019-06-20', '20:00:00', 10, 0, 0, 10, 3000),
(25, 0, 'a', 'a@a', 5, '2019-06-15', '06:00:00', 6, 0, 0, 6, 1800),
(26, 0, 'a', 'a@a', 18, '2019-06-20', '22:00:00', 5, 0, 0, 5, 1500),
(27, 0, 's', 's@s', 1, '2019-06-21', '05:00:00', 5, 0, 0, 5, 1500),
(28, 0, 'a', 'a@k', 1, '2019-06-21', '13:00:00', 8, 0, 0, 8, 2400),
(29, 0, 'l', 'l@l', 2, '2019-06-21', '22:00:00', 10, 0, 0, 10, 3000),
(30, 0, 'a', 'a@a', 1, '2019-06-21', '05:00:00', 5, 0, 0, 5, 1500),
(31, 0, 'a', 'a@a', 3, '2019-06-21', '14:00:00', 0, 10, 0, 10, 5000),
(32, 0, 'a', 'a@a', 3, '2019-06-15', '02:00:00', 10, 0, 0, 10, 3000),
(33, 0, 'a', 'a@a', 3, '2019-06-16', '01:00:00', 10, 0, 0, 10, 3000),
(34, 0, 'a', 'a@a', 3, '2019-06-17', '11:00:00', 0, 10, 0, 10, 5000),
(35, 0, 'a', 'a@a', 3, '2019-06-21', '02:00:00', 8, 0, 0, 8, 2400),
(36, 0, 'a', 'a@a', 2, '2019-06-17', '15:00:00', 10, 0, 0, 10, 3000),
(37, 0, 'a', 'a@a', 2, '2019-06-16', '07:00:00', 9, 0, 0, 9, 2700),
(38, 0, 'a', 'a@a', 2, '2019-06-16', '10:00:00', 10, 0, 0, 10, 3000),
(39, 0, 'a', 'a@a', 2, '2019-06-16', '15:00:00', 10, 0, 0, 10, 3000),
(40, 0, 'a', 'a@a', 5, '2019-06-21', '17:00:00', 10, 0, 0, 10, 3000),
(41, 0, 'a', 'a@a', 2, '2019-06-15', '15:00:00', 1, 0, 0, 1, 300),
(42, 0, 'a', 'a@a', 3, '2019-06-16', '01:00:00', 9, 0, 0, 9, 2700),
(43, 0, 'a', 'a@a', 5, '2019-06-15', '13:00:00', 10, 0, 0, 10, 3000),
(44, 0, 'a', 'a@a', 5, '2019-06-16', '10:00:00', 10, 0, 0, 10, 3000),
(45, 0, 'a', 'a@a', 5, '2019-06-16', '20:00:00', 10, 0, 0, 10, 3000),
(46, 0, 'a', 'a@a', 4, '2019-06-21', '20:00:00', 10, 0, 0, 10, 3000),
(47, 0, 'aaaaa', 'a@a', 1, '2019-06-21', '13:00:00', 1, 0, 0, 1, 300);

--
-- Indexes for dumped tables
--

--
-- Indexes for table `category`
--
ALTER TABLE `category`
  ADD PRIMARY KEY (`category_id`);

--
-- Indexes for table `movie`
--
ALTER TABLE `movie`
  ADD PRIMARY KEY (`movie_id`);

--
-- Indexes for table `movie_schedule`
--
ALTER TABLE `movie_schedule`
  ADD PRIMARY KEY (`movie_schedule_id`);

--
-- Indexes for table `ticket`
--
ALTER TABLE `ticket`
  ADD PRIMARY KEY (`ticket_id`);

--
-- AUTO_INCREMENT for dumped tables
--

--
-- AUTO_INCREMENT for table `category`
--
ALTER TABLE `category`
  MODIFY `category_id` int(11) NOT NULL AUTO_INCREMENT, AUTO_INCREMENT=2;

--
-- AUTO_INCREMENT for table `movie`
--
ALTER TABLE `movie`
  MODIFY `movie_id` int(11) NOT NULL AUTO_INCREMENT, AUTO_INCREMENT=19;

--
-- AUTO_INCREMENT for table `movie_schedule`
--
ALTER TABLE `movie_schedule`
  MODIFY `movie_schedule_id` int(11) NOT NULL AUTO_INCREMENT, AUTO_INCREMENT=64;

--
-- AUTO_INCREMENT for table `ticket`
--
ALTER TABLE `ticket`
  MODIFY `ticket_id` int(11) NOT NULL AUTO_INCREMENT, AUTO_INCREMENT=48;
COMMIT;

/*!40101 SET CHARACTER_SET_CLIENT=@OLD_CHARACTER_SET_CLIENT */;
/*!40101 SET CHARACTER_SET_RESULTS=@OLD_CHARACTER_SET_RESULTS */;
/*!40101 SET COLLATION_CONNECTION=@OLD_COLLATION_CONNECTION */;
